SHOP_WEEK,STORE_CODE,PRD0900097,PRD0900121,PRD0900152,PRD0900173,PRD0900202,PRD0900239,PRD0900254,PRD0900302,PRD0900531,PRD0900830,PRD0900947,PRD0900986,PRD0901015,PRD0901228,PRD0901265,PRD0901383,PRD0901672,PRD0901712,PRD0901821,PRD0901878,PRD0901887,PRD0902029,PRD0902540,PRD0902703,PRD0902728,PRD0902882,PRD0902898,PRD0902929,PRD0902944,PRD0903052,PRD0903074,PRD0903078,PRD0903081,PRD0903228,PRD0903269,PRD0903497,PRD0903587,PRD0903620,PRD0903677,PRD0903788,PRD0903806,PRD0903867,PRD0903993,PRD0904044,PRD0904250,PRD0904358,PRD0904461,PRD0904887,PRD0904962,PRD0904976
200607,STORE00030,1.03,0.98,1.14,1.67,1.37,1.7161111111111111,0.85,0.9445,1.518918918918919,0.9700000000000001,1.19,1.22,1.54,0.72,1.665,0.4,0.53,1.39,0.35,0.5718181818181818,0.8599999999999999,1.0,0.4288888888888889,2.88,0.4,,1.56,1.59,2.03,0.8054938271604939,1.01,0.35000000000000003,1.81,0.89,0.91,1.28,1.4599999999999997,0.47,1.8700000000000003,0.75,,1.93,1.8,0.56,2.49,1.54,1.82,1.02,2.09,1.49
200607,STORE00343,1.03,0.98,1.14,1.7893333333333332,1.37,1.670909090909091,0.85,1.3370588235294119,1.5134782608695654,0.97,1.19,1.2200000000000002,1.54,0.72,1.7309090909090907,0.4,0.53,1.39,0.35,0.6246153846153847,0.86,1.0,0.41026315789473683,2.88,0.4,,1.5599999999999998,1.59,2.03,0.6935211267605633,1.01,0.35000000000000003,1.81,0.89,0.91,1.28,1.46,0.47,1.87,0.75,1.39,1.93,1.8000000000000003,0.56,2.49,1.5399999999999998,1.82,1.02,2.09,1.4900000000000002
200607,STORE00696,1.03,0.98,1.14,1.4318918918918917,1.37,1.5051851851851852,0.85,1.0042857142857142,1.3375,0.9700000000000001,1.1899999999999997,1.22,1.54,0.72,1.607943925233645,0.4,0.53,1.39,0.35,0.605,0.8600000000000001,1.0,0.4575757575757576,2.88,0.4,2.51,1.5599999999999998,1.59,2.03,0.7123699421965317,1.01,0.35,1.81,0.89,0.91,1.28,1.46,0.47,1.87,0.75,1.39,1.9300000000000002,1.7999999999999998,0.56,2.49,1.54,1.82,1.02,2.09,1.49
200607,STORE00729,1.03,0.9800000000000001,1.14,1.8900000000000001,1.37,1.6875,0.85,1.23015625,1.168157894736842,0.9700000000000001,1.19,1.22,1.54,0.72,1.710215053763441,0.4,0.53,1.39,0.35,0.9164705882352941,0.8600000000000001,1.0,0.44,2.88,0.4,2.51,1.56,1.59,2.03,0.7576724137931035,1.01,0.35000000000000003,1.81,0.89,0.91,1.28,1.46,0.47,1.87,0.75,1.39,1.93,1.8,0.56,2.4899999999999998,1.54,1.82,1.02,2.09,1.4900000000000002
200607,STORE01007,1.03,0.98,1.14,1.8004444444444443,1.37,1.6214285714285714,0.85,0.9933333333333333,1.6595,0.97,1.19,1.22,1.54,0.72,1.7189361702127661,0.4,0.53,1.39,0.35,0.8496296296296296,0.8599999999999999,1.0,0.4722857142857143,2.88,0.39999999999999997,2.51,1.56,1.59,2.03,0.8611009174311927,1.01,0.35000000000000003,1.8099999999999998,0.89,0.91,1.28,1.46,0.47,1.87,0.75,1.39,1.93,1.8,0.56,2.4899999999999998,1.5399999999999998,1.82,1.02,2.09,1.49
200607,STORE01423,1.03,0.98,1.14,1.345909090909091,1.37,1.3333333333333333,0.85,0.9844642857142858,1.1280952380952383,0.9699999999999999,1.19,1.22,1.54,0.72,1.7288505747126437,0.4,0.53,1.39,0.35,0.7153125,0.86,1.0,0.3383720930232558,2.88,0.4,2.51,1.5599999999999998,1.59,2.03,0.7288700564971751,1.01,0.35,1.8100000000000003,0.89,0.91,1.28,1.46,0.47,1.87,0.75,1.39,1.9300000000000002,1.8,0.56,2.4899999999999998,1.54,1.82,1.02,2.09,1.49
200607,STORE01758,1.03,0.98,1.14,1.8495918367346937,1.37,1.7,0.8499999999999999,1.17225,1.3179310344827586,0.97,1.1899999999999997,1.22,1.54,0.72,1.6328169014084506,0.4,0.53,1.39,0.35000000000000003,0.6979310344827586,0.86,1.0,0.6076470588235294,2.88,0.39999999999999997,2.51,1.5599999999999998,1.59,2.03,0.8137117903930131,1.01,0.35,1.81,0.89,0.91,1.28,1.46,0.47,1.8699999999999999,0.75,1.39,1.93,1.8,0.56,2.49,1.54,1.82,1.02,2.09,1.49
200607,STORE02206,1.03,0.98,1.14,1.6251351351351353,1.37,1.84125,0.85,1.3062500000000001,1.3758064516129032,0.97,1.19,1.22,1.54,0.72,1.67875,0.4,0.53,1.39,0.35,0.8219047619047618,0.86,1.0,0.4165625,2.88,0.4,2.51,1.56,1.59,2.03,0.7911299435028248,1.01,0.35,1.8099999999999998,0.89,0.91,1.28,1.46,0.47,1.87,0.75,1.39,1.93,1.7999999999999998,0.56,2.49,1.54,1.82,1.02,2.09,1.49
200607,STORE02339,1.03,0.98,1.14,1.5417857142857143,1.37,1.703,0.85,1.1447619047619046,1.068125,0.9699999999999999,1.19,1.22,1.5400000000000003,0.7200000000000001,1.6429126213592233,0.4,0.53,1.39,0.35,0.6521428571428572,0.86,1.0,0.49470588235294116,2.88,0.4,2.5100000000000002,1.56,1.59,2.03,0.7487634408602151,1.01,0.35000000000000003,1.81,0.89,0.91,1.28,1.46,0.47,1.87,0.75,1.39,1.93,1.8,0.56,2.49,1.54,1.8199999999999998,1.02,2.09,1.49
200607,STORE02504,1.03,0.98,1.14,1.7708888888888887,1.37,1.9783333333333333,0.85,1.035,1.325,0.97,1.19,1.22,1.54,0.72,1.6955714285714285,0.4,0.53,1.39,0.35,0.65,0.86,1.0,0.40464285714285714,2.88,0.4,2.5100000000000002,1.56,1.59,2.03,0.7129891304347826,1.01,0.35,1.81,0.89,0.91,1.28,1.46,0.47,1.87,0.75,1.39,1.9300000000000002,1.8000000000000003,0.56,2.49,1.54,1.82,1.02,2.09,1.49
200608,STORE00030,1.03,0.98,1.14,1.4356666666666666,1.3699999999999999,1.851875,0.85,0.8457142857142858,1.593030303030303,0.9700000000000001,1.19,1.22,1.54,0.7200000000000001,1.6784126984126984,0.4,0.53,1.39,0.35,0.5021052631578947,0.86,1.0,0.3982608695652174,2.88,0.4,2.51,1.5599999999999998,1.59,2.03,0.7953403141361256,1.01,0.35000000000000003,1.81,0.89,0.91,1.28,1.46,0.4699999999999999,1.87,0.75,1.39,1.93,1.8,0.56,2.49,1.54,1.8199999999999998,1.02,2.09,1.49
200608,STORE00343,1.03,0.98,1.14,1.486949152542373,1.37,1.652962962962963,0.85,1.0948837209302325,1.4065116279069767,0.97,1.19,1.22,1.54,0.72,1.616451612903226,0.4,0.53,1.39,0.35,0.48800000000000004,0.8599999999999999,1.0,0.3922916666666667,2.88,0.4,2.51,1.5599999999999998,1.59,2.03,0.7248070175438597,1.01,0.35,1.8099999999999998,0.89,0.91,1.28,1.4599999999999997,0.47,1.8699999999999999,0.75,1.39,1.93,1.8,0.56,2.49,1.54,1.82,1.02,2.09,1.4899999999999998
200608,STORE00696,1.03,0.9799999999999999,1.14,1.319375,1.37,1.5635,0.85,0.8995918367346939,1.1482142857142856,0.97,1.19,1.22,1.54,0.72,1.6608163265306122,0.4,0.53,1.39,0.35,0.6790243902439025,0.86,1.0,0.49812500000000004,2.88,0.4000000000000001,2.51,1.5599999999999998,1.59,2.03,0.7083555555555555,1.01,0.35000000000000003,1.8100000000000003,0.89,0.91,1.28,1.46,0.47,1.87,0.75,1.39,1.93,1.8,0.56,2.49,1.54,1.82,1.02,2.09,1.49
200608,STORE00729,1.03,0.98,1.14,1.5057142857142858,1.37,1.3007142857142857,0.85,1.5416326530612245,1.13,0.97,1.19,1.22,1.54,0.72,1.70504,0.4,0.53,1.39,0.35000000000000003,0.7411764705882353,0.86,1.0,0.5432142857142858,2.88,0.39999999999999997,2.51,1.56,1.59,2.03,0.7826615969581749,1.01,0.35,1.81,0.8899999999999999,0.9099999999999999,1.28,1.46,0.47,1.87,0.75,1.39,1.93,1.8,0.5599999999999999,2.49,1.54,1.82,1.02,2.09,1.49
200608,STORE01007,1.03,0.98,1.14,1.5226190476190478,1.37,1.8187499999999999,0.85,1.0783333333333334,1.4808333333333332,0.97,1.19,1.22,1.54,0.72,1.6697540983606558,0.4,0.53,1.39,0.35,0.6224999999999999,0.8600000000000001,1.0,0.33428571428571424,2.88,0.4,2.51,1.56,1.59,2.03,0.8339910313901345,1.01,0.35,1.81,0.8899999999999999,0.91,1.28,1.46,0.47000000000000003,1.87,0.75,1.39,1.93,1.8,0.56,2.49,1.54,1.82,1.02,2.09,1.49
200608,STORE01423,1.03,0.98,1.14,1.3674545454545453,1.37,1.3366666666666667,0.85,1.0297777777777777,1.3502380952380952,0.9699999999999999,1.19,1.22,1.5400000000000003,0.72,1.6331460674157303,0.4,0.53,1.39,0.35,0.597,0.86,1.0,0.2921052631578947,2.88,0.4,2.51,1.56,1.59,2.03,0.7626086956521738,1.01,0.35000000000000003,1.81,0.89,0.91,1.28,1.46,0.47,1.87,0.75,1.39,1.93,1.8000000000000003,0.56,2.49,1.54,1.82,1.02,2.09,1.49
200608,STORE01758,1.03,0.9799999999999999,1.14,1.5092982456140351,1.37,1.9854166666666666,0.85,1.162051282051282,1.6024,0.97,1.19,1.22,1.54,0.72,1.99825,0.39999999999999997,0.53,1.39,0.35000000000000003,0.76825,0.86,1.0,0.47775,2.88,0.4,2.51,1.56,1.59,2.03,0.8674736842105263,1.01,0.35,1.81,0.89,0.91,1.28,1.46,0.47,1.87,0.75,1.39,1.93,1.8,0.56,2.49,1.54,1.82,1.02,2.09,1.49
200608,STORE02206,1.03,0.98,1.14,1.48325,1.37,1.6783333333333335,0.8499999999999999,1.0360869565217392,1.3957575757575758,0.97,1.1899999999999997,1.22,1.54,0.7199999999999999,1.7577272727272728,0.4,0.53,1.39,0.35,0.6070588235294118,0.86,1.0,0.3655263157894737,2.88,0.4,2.51,1.56,1.59,2.03,0.7325365853658536,1.01,0.35,1.8100000000000003,0.89,0.91,1.28,1.46,0.47000000000000003,1.87,0.75,1.39,1.93,1.8,0.56,2.49,1.54,1.82,1.02,2.09,1.49
200608,STORE02339,1.03,0.9800000000000001,1.14,1.5497727272727273,1.37,1.34,0.85,1.1080645161290323,1.5354285714285716,0.97,1.19,1.22,1.54,0.72,1.7147445255474452,0.4,0.53,1.39,0.35000000000000003,0.6252380952380951,0.86,1.0,0.4151851851851852,2.88,0.39999999999999997,2.51,1.56,1.59,2.03,0.7566390041493776,1.01,0.35,1.81,0.8899999999999999,0.91,1.28,1.46,0.47,1.8700000000000003,0.75,1.39,1.93,1.8000000000000003,0.56,2.49,1.54,1.8199999999999998,1.02,2.09,1.49
200608,STORE02504,1.03,0.98,1.14,1.4551020408163264,1.37,1.4265,0.8499999999999999,1.131590909090909,1.0758823529411765,0.9699999999999999,1.19,1.22,1.54,0.72,1.7962666666666667,0.4,0.53,1.39,0.35,0.7420588235294118,0.86,1.0,0.4296153846153846,2.88,0.4,2.5100000000000002,1.56,1.59,2.03,0.73247311827957,1.01,0.35,1.8099999999999998,0.89,0.91,1.28,1.46,0.47,1.87,0.75,1.39,1.93,1.8,0.56,2.4899999999999998,1.54,1.82,1.02,2.09,1.49
200609,STORE00030,1.03,0.98,1.14,1.5761290322580646,1.3699999999999999,1.567,0.85,1.0754838709677421,1.263695652173913,0.97,1.19,1.22,1.54,0.72,1.657719298245614,0.39999999999999997,0.53,1.39,0.35,0.6711764705882353,0.86,1.0,0.365625,2.88,0.4,2.51,1.56,1.5899999999999999,2.03,0.7364285714285714,1.01,0.35000000000000003,1.81,0.89,0.91,1.28,1.46,0.47,1.87,0.75,1.39,1.9300000000000002,1.8,0.56,2.49,1.54,1.82,1.02,2.09,1.49
200609,STORE00343,1.03,0.9800000000000001,1.14,1.6336065573770493,1.37,1.7663157894736843,0.85,1.1806521739130436,1.3665625,0.97,1.19,1.22,1.54,0.72,1.6014893617021275,0.4,0.53,1.39,0.35000000000000003,0.6711764705882353,0.8600000000000001,1.0,0.4128888888888889,2.88,0.4,2.51,1.56,1.5899999999999999,2.03,0.7058974358974359,1.01,0.35,1.81,0.89,0.91,1.28,1.46,0.47,1.87,0.75,1.39,1.93,1.8,0.56,2.49,1.54,1.82,1.02,2.09,1.49
200609,STORE00696,1.03,0.9800000000000001,1.14,1.4626470588235294,1.37,1.2311428571428573,0.85,1.075,1.337179487179487,0.97,1.19,1.22,1.54,0.72,1.6317355371900826,0.4,0.53,1.39,0.35,0.655,0.86,1.0,0.4404878048780487,2.88,0.4,2.51,1.5599999999999998,1.5899999999999999,2.03,0.7520979020979021,1.01,0.35,1.8100000000000003,0.89,0.9099999999999999,1.28,1.46,0.47,1.87,0.75,1.39,1.9300000000000002,1.8,0.56,2.49,1.54,1.82,1.02,2.09,1.4899999999999998
200609,STORE00729,1.03,0.98,1.14,1.6073684210526316,1.37,1.498,0.85,1.671315789473684,1.2366666666666668,0.97,1.19,1.22,1.54,0.72,1.7183088235294117,0.4,0.53,1.39,0.35,0.6061904761904762,0.86,1.0,0.4188235294117647,2.88,0.4,2.51,1.56,1.5899999999999999,2.03,0.7243775100401607,1.01,0.35,1.8099999999999998,0.89,0.91,1.28,1.46,0.47,1.87,0.75,1.39,1.9300000000000002,1.8,0.56,2.49,1.54,1.82,1.02,2.09,1.49
200609,STORE01007,1.03,0.98,1.14,1.645945945945946,1.37,1.541764705882353,0.85,1.1216666666666668,1.2303448275862068,0.9700000000000001,1.19,1.22,1.54,0.7200000000000001,1.7366037735849058,0.4,0.53,1.39,0.35000000000000003,0.6576000000000001,0.86,1.0,0.4883870967741935,2.88,0.4,2.51,1.56,1.5899999999999999,2.03,0.8066806722689076,1.01,0.35000000000000003,1.81,0.89,0.91,1.28,1.46,0.47,1.87,0.75,1.39,1.9300000000000002,1.8,0.56,2.49,1.54,1.82,1.02,2.09,1.49
200609,STORE01423,1.03,0.98,1.14,1.4089285714285715,1.37,1.345625,0.85,1.018913043478261,1.039736842105263,0.9700000000000001,1.19,1.22,1.54,0.72,1.6895454545454547,0.4,0.53,1.39,0.35000000000000003,0.5882758620689654,0.86,1.0,0.3908108108108108,2.8800000000000003,0.4,2.51,1.5599999999999998,1.5899999999999999,2.03,0.7199074074074074,1.01,0.35000000000000003,1.8099999999999998,0.89,0.91,1.28,1.46,0.47,1.8699999999999999,0.75,1.39,1.93,1.8,0.5599999999999999,2.49,1.54,1.82,1.02,2.09,1.49
200609,STORE01758,1.03,0.98,1.14,1.5915686274509804,1.37,1.393181818181818,0.85,1.3181395348837208,1.25375,0.9700000000000001,1.19,1.22,1.54,0.72,1.6220388349514563,0.4,0.53,1.3900000000000001,0.35,0.7929411764705883,0.86,1.0,0.49833333333333335,2.88,0.4,2.51,1.5599999999999998,1.5899999999999999,2.03,0.7967148014440433,1.01,0.35,1.81,0.8899999999999999,0.91,1.28,1.46,0.4699999999999999,1.87,0.75,1.39,1.9300000000000002,1.8,0.56,2.4899999999999998,1.54,1.82,1.02,2.09,1.49
200609,STORE02206,1.03,0.9800000000000001,1.14,1.4707142857142856,1.37,1.9407142857142858,0.85,1.2391304347826086,1.3851612903225805,0.9700000000000001,1.19,1.22,1.54,0.7200000000000001,1.7413157894736842,0.4,0.53,1.39,0.35,0.7938095238095237,0.8599999999999999,1.0,0.4659259259259259,2.88,0.4,2.51,1.5599999999999998,1.59,2.03,0.7617098445595855,1.01,0.35,1.81,0.89,0.91,1.28,1.46,0.47,1.87,0.75,1.39,1.9300000000000002,1.8,0.56,2.49,1.54,1.8199999999999998,1.02,2.09,1.4900000000000002
200609,STORE02339,1.03,0.98,1.14,1.415483870967742,1.37,1.6777777777777776,0.85,1.3258064516129033,1.2869696969696969,0.97,1.19,1.22,1.54,0.72,1.458762886597938,0.4,0.53,1.39,0.35,0.5695238095238095,0.86,1.0,0.6776000000000001,2.88,0.4,2.51,1.5599999999999998,1.59,2.03,0.7461224489795919,1.01,0.35000000000000003,1.81,0.89,0.91,1.28,1.46,0.47,1.87,0.75,1.39,1.93,1.7999999999999998,0.56,2.49,1.54,1.82,1.02,2.09,1.49
200609,STORE02504,1.03,0.98,1.14,1.3800000000000001,1.37,1.595,0.8499999999999999,1.1929545454545456,1.2321428571428572,0.97,1.19,1.22,1.54,0.72,1.5811267605633803,0.4,0.53,1.3900000000000001,0.35,0.7318181818181818,0.86,1.0,0.3870967741935484,2.88,0.4,2.51,1.5599999999999998,1.59,2.03,0.7466279069767441,1.01,0.35000000000000003,1.81,0.89,0.9099999999999999,1.28,1.46,0.47,1.87,0.75,1.39,1.9300000000000002,1.8000000000000003,0.56,2.49,1.54,1.82,1.02,2.09,1.4900000000000002
200610,STORE00030,1.03,0.98,1.14,1.5892307692307692,1.37,1.6832,0.85,1.2802272727272728,1.3295454545454546,0.9700000000000001,1.19,1.22,1.54,0.72,1.6199999999999999,0.4,0.53,1.39,0.35,0.554074074074074,0.86,1.0,0.4296428571428571,2.88,0.4,2.51,1.5599999999999998,1.59,2.03,0.8047872340425533,1.01,0.35000000000000003,1.81,0.8899999999999999,0.91,1.28,1.46,0.47,1.8699999999999999,0.75,1.39,1.93,1.8,0.56,2.49,1.54,1.8199999999999998,1.02,2.09,1.49
200610,STORE00343,1.03,0.98,1.14,1.4466666666666668,1.37,1.5314285714285716,0.85,0.9607142857142857,1.3029032258064517,0.97,1.19,1.22,1.54,0.72,1.5493975903614456,0.39999999999999997,0.53,1.3899999999999997,0.35,0.5435714285714285,0.8600000000000001,1.0,0.3207894736842105,2.88,0.4,2.51,1.5599999999999998,1.59,2.03,0.6904850746268657,1.01,0.35000000000000003,1.8099999999999998,0.89,0.91,1.28,1.4599999999999997,0.47000000000000003,1.87,0.75,1.39,1.93,1.8000000000000003,0.56,2.49,1.54,1.82,1.02,2.09,1.49
200610,STORE00696,1.03,0.98,1.14,1.4015384615384614,1.37,1.3768421052631579,0.85,1.0962162162162163,1.3419999999999999,0.9700000000000001,1.19,1.22,1.54,0.72,1.627479674796748,0.4,0.53,1.39,0.35,0.5755813953488372,0.86,1.0,0.3589655172413793,2.88,0.4,2.51,1.5599999999999998,1.59,2.03,0.7569868995633188,1.01,0.35,1.81,0.89,0.91,1.28,1.46,0.47,1.87,0.75,1.39,1.93,1.7999999999999998,0.56,2.49,1.54,1.82,1.02,2.09,1.49
200610,STORE00729,1.03,0.98,1.14,1.357560975609756,1.37,1.3704545454545454,0.85,1.4074074074074074,1.1302222222222222,0.9700000000000001,1.19,1.22,1.54,0.72,1.540754716981132,0.4,0.53,1.39,0.35000000000000003,0.6254545454545455,0.86,1.0,0.3864705882352941,2.88,0.4,2.51,1.56,1.5899999999999999,2.03,0.8038144329896907,1.01,0.35000000000000003,1.81,0.8899999999999999,0.91,1.28,1.46,0.47000000000000003,1.87,0.75,1.39,1.9300000000000002,1.8,0.56,2.49,1.54,1.82,1.02,2.09,1.49
200610,STORE01007,1.03,0.9799999999999999,1.14,1.6393939393939394,1.37,1.542857142857143,0.85,1.191025641025641,1.202142857142857,0.9700000000000001,1.19,1.22,1.54,0.72,1.61,0.4000000000000001,0.53,1.39,0.35000000000000003,0.631,0.86,1.0,0.37269230769230766,2.88,0.4,2.51,1.5599999999999998,1.59,2.03,0.8249583333333333,1.01,0.35,1.81,0.8900000000000001,0.91,1.28,1.46,0.47,1.87,0.75,1.39,1.93,1.8000000000000003,0.56,2.49,1.54,1.82,1.02,2.09,1.49
200610,STORE01423,1.03,0.98,1.14,1.5975,1.37,1.1705882352941175,0.85,0.9444285714285714,1.2165714285714284,0.97,1.19,1.22,1.54,0.72,1.5640206185567012,0.4000000000000001,0.53,1.39,0.35000000000000003,0.7323999999999999,0.86,1.0,0.3517241379310345,2.88,0.4,2.51,1.5599999999999998,1.59,2.03,0.7557391304347826,1.01,0.35,1.81,0.89,0.91,1.28,1.46,0.47,1.8700000000000003,0.75,1.39,1.93,1.8,0.56,2.49,1.54,1.82,1.02,2.09,1.49
200610,STORE01758,1.03,0.98,1.14,1.7006249999999998,1.37,1.6315151515151514,0.85,1.265625,1.4283333333333335,0.9700000000000001,1.19,1.22,1.54,0.72,1.570561797752809,0.4,0.53,1.39,0.35000000000000003,0.7989999999999999,0.86,1.0,0.43810810810810813,2.88,0.39999999999999997,2.51,1.5599999999999996,1.59,2.03,0.8353479853479854,1.01,0.35,1.81,0.89,0.91,1.28,1.46,0.47,1.87,0.75,1.39,1.9300000000000002,1.8,0.56,2.49,1.54,1.82,1.02,2.09,1.49
200610,STORE02206,1.03,0.98,1.14,1.4949999999999999,1.37,1.7966666666666664,0.85,1.0146153846153845,1.421578947368421,0.9699999999999999,1.19,1.22,1.54,0.72,1.6233333333333333,0.4,0.53,1.39,0.35000000000000003,0.533076923076923,0.86,1.0,0.3920588235294118,2.8800000000000003,0.39999999999999997,2.51,1.5599999999999998,1.5899999999999999,2.03,0.765909090909091,1.01,0.35000000000000003,1.8099999999999998,0.89,0.91,1.28,1.46,0.47,1.87,0.75,1.39,1.9300000000000002,1.8,0.56,2.49,1.54,1.82,1.02,2.09,1.49
200610,STORE02339,1.03,0.98,1.14,1.3691666666666666,1.37,1.7385714285714287,0.85,1.8744444444444446,1.387037037037037,0.9700000000000001,1.19,1.22,1.54,0.72,1.5966666666666667,0.4,0.53,1.39,0.35000000000000003,0.4886666666666667,0.86,1.0,0.37363636363636366,2.8800000000000003,0.4,2.51,1.5599999999999998,1.59,2.03,0.7223981900452489,1.01,0.35000000000000003,1.81,0.89,0.91,1.28,1.46,0.47,1.87,0.75,1.39,1.93,1.8,0.56,2.49,1.54,1.82,1.02,2.09,1.49
200610,STORE02504,1.03,0.98,1.14,1.3508888888888888,1.3699999999999999,1.5214285714285716,0.8499999999999999,1.0135483870967743,1.2049999999999998,0.97,1.19,1.22,1.54,0.72,1.54515625,0.39999999999999997,0.53,1.39,0.35,0.737,0.86,1.0,0.3548275862068966,2.88,0.4,2.51,1.5599999999999998,1.59,2.03,0.7654761904761904,1.01,0.35,1.8099999999999998,0.89,0.9099999999999999,1.28,1.46,0.4699999999999999,1.8700000000000003,0.75,1.39,1.93,1.8000000000000003,0.56,2.49,1.54,1.82,1.02,2.09,1.49
200611,STORE00030,1.03,0.98,1.14,1.5734375,1.3699999999999999,1.716521739130435,0.85,0.9847916666666667,1.5268571428571427,0.97,1.19,1.22,1.5400000000000003,0.72,1.5820967741935485,0.4,0.53,1.39,0.35000000000000003,0.635,0.86,1.0,0.4217857142857143,2.88,0.4,2.51,1.56,1.5899999999999999,2.03,0.78268156424581,1.01,0.35000000000000003,1.81,0.89,0.91,1.28,1.46,0.47,1.87,0.75,1.3900000000000001,1.93,1.8,0.56,2.49,1.54,1.82,1.02,2.09,1.49
200611,STORE00343,1.03,0.98,1.14,1.6904166666666667,1.37,1.679230769230769,0.8499999999999999,1.0085714285714285,1.2736842105263158,0.97,1.19,1.22,1.5400000000000003,0.72,1.5564367816091953,0.4,0.53,1.39,0.35,0.5579999999999999,0.8599999999999999,1.0,0.4218,2.88,0.4,2.51,1.56,1.59,2.03,0.6792222222222223,1.01,0.35,1.81,0.89,0.91,1.28,1.46,0.47,1.87,0.75,1.39,1.93,1.8,0.56,2.49,1.54,1.8199999999999998,1.02,2.09,1.49
200611,STORE00696,1.03,0.98,1.14,1.1607692307692308,1.37,1.5854166666666665,0.85,1.166875,1.321875,0.97,1.19,1.22,1.54,0.72,1.4944117647058823,0.4000000000000001,0.53,1.39,0.35,0.7453333333333333,0.86,1.0,0.45088235294117646,2.88,0.4,2.51,1.5599999999999998,1.5899999999999999,2.03,0.7477631578947369,1.01,0.35,1.8099999999999998,0.89,0.91,1.28,1.4599999999999997,0.47,1.87,0.75,1.39,1.93,1.8,0.56,2.49,1.54,1.82,1.02,2.09,1.49
200611,STORE00729,1.03,0.98,1.14,1.6380000000000001,1.37,1.6328571428571428,0.8500000000000001,1.2421875,1.1321153846153846,0.97,1.19,1.22,1.54,0.72,1.5617460317460317,0.4,0.53,1.39,0.35000000000000003,0.562,0.86,1.0,0.426,2.8800000000000003,0.4,2.51,1.5599999999999998,1.5899999999999999,2.03,0.7733333333333333,1.01,0.35,1.81,0.8899999999999999,0.91,1.28,1.46,0.47,1.8700000000000003,0.75,1.39,1.9300000000000002,1.8,0.56,2.49,1.54,1.82,1.02,2.09,1.4899999999999998
200611,STORE01007,1.03,0.98,1.14,1.4672727272727273,1.37,1.5711764705882354,0.85,1.02,1.3058620689655172,0.97,1.19,1.22,1.5400000000000003,0.72,1.616056338028169,0.4,0.53,1.39,0.35,0.7233333333333333,0.86,1.0,0.3415384615384615,2.88,0.4,2.51,1.5599999999999998,1.5899999999999999,2.03,0.8300438596491229,1.01,0.35,1.81,0.89,0.91,1.28,1.46,0.47000000000000003,1.87,0.75,1.39,1.9300000000000002,1.8000000000000003,0.56,2.49,1.54,1.82,1.02,2.09,1.49
200611,STORE01423,1.03,0.9800000000000001,1.14,1.4567796610169492,1.37,1.3153846153846156,0.85,1.0007547169811322,1.336875,0.97,1.19,1.22,1.5400000000000003,0.72,1.5895945945945946,0.4,0.53,1.39,0.35000000000000003,0.5958333333333333,0.86,1.0,0.3723076923076923,2.88,0.4,2.51,1.56,1.5899999999999999,2.03,0.7440528634361234,1.01,0.35000000000000003,1.81,0.89,0.91,1.28,1.46,0.47,1.87,0.75,1.39,1.9300000000000002,1.8,0.56,2.49,1.54,1.82,1.02,2.09,1.49
200611,STORE01758,1.03,0.9799999999999999,1.14,1.7076315789473684,1.37,1.7562499999999999,0.85,1.32875,1.47875,0.97,1.19,1.22,1.54,0.72,1.6908196721311475,0.4,0.53,1.39,0.35000000000000003,0.6813793103448276,0.86,1.0,0.538888888888889,2.88,0.4,2.51,1.5599999999999998,1.5899999999999999,2.03,0.8446153846153847,1.01,0.35,1.81,0.89,0.91,1.28,1.46,0.47,1.87,0.75,1.39,1.9300000000000002,1.8,0.56,2.49,1.54,1.82,1.02,2.09,1.49
200611,STORE02206,1.03,0.98,1.14,1.5283783783783782,1.37,1.6742857142857144,0.85,1.4325714285714286,1.4726666666666666,0.97,1.19,1.22,1.54,0.72,1.5833802816901408,0.4,0.53,1.39,0.35000000000000003,0.585,0.86,1.0,0.35162162162162164,2.88,0.4,2.51,1.5599999999999998,1.5899999999999999,2.03,0.7873529411764706,1.01,0.35000000000000003,1.81,0.8899999999999999,0.9099999999999999,1.28,1.46,0.47,1.8699999999999999,0.75,1.3900000000000001,1.9300000000000002,1.8,0.56,2.49,1.54,1.8199999999999998,1.02,2.09,1.49
200611,STORE02339,1.03,0.98,1.14,1.3646428571428573,1.3699999999999999,1.4976190476190476,0.85,1.64,1.3873170731707318,0.97,1.19,1.22,1.54,0.72,1.6641975308641976,0.4,0.53,1.39,0.35,0.5066666666666666,0.8599999999999999,1.0,0.4096153846153846,2.88,0.4,2.5100000000000002,1.56,1.59,2.03,0.7389024390243902,1.01,0.35,1.81,0.89,0.91,1.28,1.46,0.47,1.87,0.75,1.39,1.9300000000000002,1.8,0.56,2.49,1.54,1.82,1.02,2.09,1.49
200611,STORE02504,1.03,0.98,1.14,1.658857142857143,1.37,1.8240000000000003,0.85,1.0025641025641026,1.2066666666666666,0.97,1.19,1.22,1.54,0.72,1.598,0.4,0.53,1.39,0.35000000000000003,0.7387096774193549,0.8599999999999999,1.0,0.3865625,2.88,0.4,2.51,1.5599999999999998,1.59,2.03,0.8138207547169811,1.01,0.35000000000000003,1.81,0.89,0.91,1.28,1.46,0.4699999999999999,1.8700000000000003,0.75,1.39,1.93,1.8,0.56,2.49,1.54,1.8199999999999998,1.02,2.09,1.49
200612,STORE00030,1.03,0.98,1.14,1.6678378378378378,1.37,1.6158620689655172,0.85,1.0326829268292683,1.5047619047619047,0.97,1.19,1.22,1.54,0.72,1.674655172413793,0.39999999999999997,0.53,1.39,0.35,0.7630769230769231,0.86,1.0,0.43842105263157893,2.88,0.4,2.51,1.56,1.5899999999999999,2.03,0.7662430939226519,1.01,0.35,1.81,0.89,0.9099999999999999,1.28,1.46,0.47,1.87,0.75,1.39,1.93,1.8,0.56,2.49,1.54,1.8199999999999998,1.02,2.09,1.49
200612,STORE00343,1.03,0.98,1.14,1.5499999999999998,1.37,1.5458620689655171,0.85,1.3002325581395349,1.2759090909090909,0.9700000000000001,1.19,1.22,1.54,0.72,1.515301204819277,0.4,0.53,1.39,0.35000000000000003,0.7352941176470589,0.86,1.0,0.3497222222222222,2.8800000000000003,0.4,2.51,1.56,1.59,2.03,0.7654771784232365,1.01,0.35,1.81,0.89,0.91,1.28,1.46,0.47,1.87,0.75,1.39,1.93,1.8,0.56,2.49,1.54,1.82,1.02,2.09,1.49
200612,STORE00696,1.03,0.98,1.14,1.6008695652173912,1.37,1.5019999999999998,0.85,1.3351162790697673,1.2025806451612904,0.9700000000000001,1.19,1.22,1.54,0.7200000000000001,1.3804761904761904,0.4,0.53,1.39,0.35000000000000003,0.6454166666666666,0.86,1.0,0.41322580645161294,2.88,0.4,2.5100000000000002,1.56,1.5899999999999999,2.03,0.7765610859728507,1.01,0.35000000000000003,1.81,0.89,0.9099999999999999,1.28,1.46,0.47,1.87,0.75,1.39,1.93,1.8,0.5599999999999999,2.49,1.54,1.82,1.02,2.09,1.49
200612,STORE00729,1.03,0.98,1.14,1.4842592592592594,1.37,1.4552941176470588,0.85,1.2329310344827586,1.3041176470588236,0.97,1.19,1.22,1.54,0.72,1.5233802816901407,0.4,0.53,1.39,0.35,0.7120833333333333,0.86,1.0,0.45249999999999996,2.88,0.4,2.51,1.56,1.5899999999999999,2.03,0.8030708661417323,1.01,0.35,1.81,0.89,0.91,1.28,1.46,0.47000000000000003,1.87,0.75,1.3900000000000001,1.9300000000000002,1.8000000000000003,0.56,2.4899999999999998,1.54,1.82,1.02,2.09,1.49
200612,STORE01007,1.03,0.9800000000000001,1.14,1.613235294117647,1.37,1.6007692307692307,0.85,1.1261904761904762,1.2983333333333333,0.9699999999999999,1.19,1.22,1.54,0.72,1.575921052631579,0.4,0.53,1.39,0.35,0.6792857142857143,0.8599999999999999,1.0,0.3811111111111111,2.88,0.39999999999999997,2.51,1.56,1.59,2.03,0.8465546218487394,1.01,0.35000000000000003,1.8099999999999998,0.89,0.91,1.28,1.46,0.47,1.87,0.75,1.39,1.9300000000000002,1.8,0.56,2.49,1.54,1.82,1.02,2.09,1.49
200612,STORE01423,1.03,0.98,1.14,1.4666666666666668,1.37,1.2023809523809523,0.8499999999999999,1.0251785714285713,1.3611111111111112,0.9700000000000001,1.19,1.22,1.54,0.72,1.6683050847457628,0.4,0.53,1.39,0.35000000000000003,0.5336842105263159,0.86,1.0,0.32264705882352945,2.88,0.4,2.51,1.5599999999999998,1.5899999999999999,2.03,0.7391517857142856,1.01,0.35000000000000003,1.8099999999999998,0.89,0.91,1.28,1.46,0.47,1.87,0.75,1.39,1.93,1.8,0.56,2.4899999999999998,1.54,1.8199999999999998,1.02,2.09,1.49
200612,STORE01758,1.03,0.98,1.14,1.6521818181818182,1.37,1.6004761904761904,0.85,1.1777777777777778,1.3299999999999998,0.97,1.19,1.22,1.54,0.72,1.684871794871795,0.4,0.53,1.3900000000000001,0.35000000000000003,0.6854545454545454,0.86,1.0,0.5266666666666666,2.88,0.4,2.51,1.56,1.5899999999999999,2.03,0.8834112149532711,1.01,0.35,1.81,0.89,0.91,1.28,1.46,0.47,1.87,0.75,1.39,1.93,1.8,0.56,2.49,1.5399999999999998,1.82,1.02,2.09,1.4900000000000002
200612,STORE02206,1.03,0.9799999999999999,1.14,1.4991304347826087,1.37,1.9183333333333334,0.85,1.2242307692307692,1.5036,0.97,1.19,1.22,1.54,0.72,1.5457377049180328,0.4,0.53,1.39,0.35,0.643103448275862,0.86,1.0,0.3657575757575758,2.88,0.4,2.5100000000000002,1.5599999999999998,1.5899999999999999,2.03,0.7932,1.01,0.35,1.81,0.89,0.91,1.28,1.4599999999999997,0.47,1.8699999999999999,0.75,1.39,1.9300000000000002,1.8,0.56,2.49,1.54,1.8199999999999998,1.02,2.09,1.49
200612,STORE02339,1.03,0.98,1.14,1.373076923076923,1.37,1.3592857142857144,0.85,1.2242307692307692,1.3305263157894738,0.97,1.19,1.22,1.54,0.72,1.7020895522388058,0.4,0.53,1.39,0.35,0.6292857142857143,0.86,1.0,0.5266666666666666,2.8800000000000003,0.4,2.51,1.56,1.5899999999999999,2.03,0.733254716981132,1.01,0.35,1.81,0.89,0.9099999999999999,1.28,1.46,0.4699999999999999,1.87,0.75,1.39,1.9300000000000002,1.8,0.56,2.49,1.54,1.8199999999999998,1.02,2.09,1.49
200612,STORE02504,1.03,0.98,1.14,1.2202631578947367,1.37,1.6605263157894736,0.85,1.1323076923076925,1.1876666666666666,0.97,1.19,1.22,1.54,0.72,1.5993333333333333,0.4,0.53,1.39,0.35,0.7725581395348837,0.86,1.0,0.342258064516129,2.88,0.4,2.51,1.5599999999999998,1.5899999999999999,2.03,0.8136318407960199,1.01,0.35000000000000003,1.81,0.8899999999999999,0.91,1.2799999999999998,1.46,0.47,1.87,0.75,1.39,1.9300000000000002,1.8,0.56,2.49,1.54,1.82,1.02,2.09,1.49
200613,STORE00030,1.03,0.98,1.14,1.7331818181818184,1.37,1.2771428571428571,0.8499999999999999,1.0048148148148148,1.5227777777777778,0.97,1.19,1.22,1.54,0.72,1.5609756097560976,0.4,0.53,1.39,0.35,0.6813333333333332,0.86,1.0,0.485,2.88,0.4,2.51,1.56,1.59,2.03,0.8104597701149426,1.01,0.35000000000000003,1.8099999999999998,0.89,0.9099999999999999,1.28,1.46,0.47,1.87,0.75,1.39,1.93,1.8,0.56,2.4899999999999998,1.54,1.82,1.02,2.09,1.49
200613,STORE00343,1.03,0.98,1.14,1.725862068965517,1.37,1.5420833333333333,0.85,1.1743478260869566,1.2816666666666667,0.97,1.19,1.22,1.54,0.72,1.5728358208955224,0.4,0.53,1.39,0.35,0.6191304347826087,0.86,1.0,0.34454545454545454,2.8800000000000003,0.4,2.51,1.56,1.59,2.03,0.6851440329218107,1.01,0.35000000000000003,1.81,0.8899999999999999,0.91,1.28,1.46,0.47,1.87,0.75,1.3899999999999997,1.93,1.8,0.5599999999999999,2.49,1.54,1.82,1.02,2.09,1.49
200613,STORE00696,1.03,0.98,1.14,1.2705,1.37,1.547391304347826,0.85,1.1404545454545454,1.479375,0.9699999999999999,1.19,1.22,1.54,0.72,1.536172839506173,0.4,0.53,1.3899999999999997,0.35,0.7022727272727273,0.86,1.0,0.4493939393939394,2.88,0.4,2.51,1.56,1.59,2.03,0.7830985915492958,1.01,0.35000000000000003,1.81,0.8899999999999999,0.91,1.28,1.46,0.47,1.87,0.75,1.39,1.93,1.8,0.56,2.49,1.54,1.82,1.02,2.09,1.49
200613,STORE00729,1.03,0.98,1.14,1.5563793103448276,1.37,1.3836363636363638,0.85,1.2412962962962963,1.2768571428571427,0.9699999999999999,1.19,1.22,1.54,0.72,1.5434831460674159,0.4,0.53,1.39,0.35000000000000003,0.7021428571428572,0.86,1.0,0.39794871794871794,2.8800000000000003,0.4,2.51,1.56,1.59,2.03,0.808193832599119,1.01,0.35,1.81,0.89,0.91,1.28,1.46,0.47,1.87,0.75,1.39,1.93,1.8000000000000003,0.56,2.49,1.54,1.82,1.02,2.09,1.49
200613,STORE01007,1.03,0.9799999999999999,1.14,1.8625,1.37,1.419,0.8499999999999999,1.0947058823529412,1.2315,0.97,1.19,1.22,1.54,0.72,1.626,0.4,0.53,1.39,0.35,0.66,0.8599999999999999,1.0,0.4026315789473684,2.88,0.4,2.51,1.56,1.59,2.03,0.8273181818181817,1.01,0.35000000000000003,1.81,0.89,0.91,1.28,1.46,0.47,1.87,0.75,1.39,1.93,1.8,0.56,2.49,1.54,1.82,1.02,2.09,1.49
200613,STORE01423,1.03,0.98,1.14,1.4756363636363636,1.37,1.3931578947368422,0.85,1.013404255319149,1.544,0.9699999999999999,1.19,1.22,1.54,0.72,1.6636363636363636,0.4,0.53,1.39,0.35000000000000003,0.5864285714285715,0.8599999999999999,1.0,0.3105714285714286,2.8800000000000003,0.4,2.51,1.56,1.59,2.03,0.7169729729729729,1.01,0.35,1.81,0.89,0.91,1.28,1.4599999999999997,0.47,1.87,0.75,1.39,1.93,1.8,0.56,2.49,1.54,1.82,1.02,2.09,1.49
200613,STORE01758,1.03,0.98,1.14,1.6641666666666666,1.37,1.693913043478261,0.85,1.0545238095238094,1.1314285714285715,0.97,1.19,1.22,1.54,0.72,1.55,0.4,0.53,1.39,0.35,0.7447368421052631,0.86,1.0,0.4821875,2.8800000000000003,0.4,2.51,1.56,1.59,2.03,0.8499509803921568,1.01,0.35000000000000003,1.81,0.89,0.91,1.28,1.46,0.47000000000000003,1.87,0.75,1.39,1.93,1.8,0.56,2.49,1.5399999999999998,1.82,1.02,2.09,1.49
200613,STORE02206,1.03,0.98,1.14,1.39275,1.37,1.8036,0.85,1.355,1.5504,0.97,1.19,1.22,1.54,0.72,1.588125,0.4,0.53,1.39,0.35000000000000003,0.6135483870967742,0.86,1.0,0.5072,2.88,0.4,2.51,1.56,1.59,2.03,0.7676732673267327,1.01,0.35000000000000003,1.81,0.89,0.9099999999999999,1.28,1.46,0.47,1.87,0.75,1.39,1.93,1.8,0.56,2.4899999999999998,1.54,1.82,1.02,2.09,1.49
200613,STORE02339,1.03,0.98,1.14,1.4147619047619049,1.37,1.3466666666666667,0.85,1.355,1.4858333333333333,0.97,1.19,1.22,1.54,0.72,1.6835384615384617,0.4,0.53,1.39,0.35,0.5470588235294118,0.86,1.0,0.47500000000000003,2.8800000000000003,0.4,2.51,1.56,1.59,2.03,0.7763636363636364,1.01,0.35000000000000003,1.81,0.8899999999999999,0.91,1.28,1.46,0.4699999999999999,1.87,0.75,1.39,1.9300000000000002,1.8000000000000003,0.56,2.49,1.54,1.82,1.02,2.09,1.49
200613,STORE02504,1.03,0.98,1.14,1.365,1.37,1.4433333333333336,0.85,1.051764705882353,1.5536363636363637,0.97,1.19,1.22,1.54,0.72,1.738,0.39999999999999997,0.53,1.39,0.35000000000000003,0.7184615384615385,0.8600000000000001,1.0,0.367,2.88,0.4,2.51,1.56,1.59,2.03,0.8147428571428572,1.01,0.35000000000000003,1.81,0.89,0.91,1.28,1.46,0.47,1.87,0.75,1.39,1.93,1.8,0.56,2.49,1.54,1.82,1.02,2.09,1.49
200614,STORE00030,1.03,0.9799999999999999,1.14,1.725151515151515,1.37,1.4384210526315788,0.85,0.9014583333333333,1.5209375,0.97,1.19,1.22,1.54,0.72,1.644375,0.4,0.53,1.39,0.35,0.5299999999999999,0.86,1.0,0.4179166666666667,2.88,0.4,2.51,1.5599999999999998,1.59,2.03,0.7547777777777779,1.01,0.35000000000000003,1.8099999999999998,0.89,0.91,1.28,1.46,0.4699999999999999,1.8700000000000003,0.75,1.39,1.9300000000000002,1.8,0.56,2.49,1.54,1.82,1.02,2.09,1.49
200614,STORE00343,1.03,0.98,1.14,1.4923913043478263,1.3699999999999999,1.4633333333333334,0.85,1.1678333333333333,1.61,0.9700000000000001,1.19,1.22,1.54,0.72,1.4561971830985916,0.4,0.53,1.39,0.35,0.5370588235294118,0.86,1.0,0.41120000000000007,2.88,0.4,2.51,1.56,1.59,2.03,0.748102564102564,1.01,0.35000000000000003,1.81,0.89,0.91,1.28,1.46,0.47,1.87,0.75,1.3899999999999997,1.93,1.8,0.56,2.49,1.54,1.8199999999999998,1.02,2.09,1.49
200614,STORE00696,1.03,0.98,1.14,1.4856,1.37,1.2834615384615384,0.85,0.8752380952380951,1.5775000000000001,0.97,1.19,1.22,1.54,0.72,1.5784313725490196,0.4,0.53,1.39,0.35,0.7045454545454546,0.86,1.0,0.4414285714285714,2.8800000000000003,0.4,2.51,1.56,1.59,2.03,0.7518784530386741,1.01,0.35000000000000003,1.8099999999999998,0.89,0.91,1.28,1.46,0.47,1.8700000000000003,0.75,1.39,1.93,1.8000000000000003,0.56,2.49,1.54,1.82,1.02,2.09,1.4899999999999998
200614,STORE00729,1.03,0.98,1.14,1.397142857142857,1.37,1.460952380952381,0.85,1.2438983050847459,1.5205882352941178,0.9699999999999999,1.19,1.2200000000000002,1.54,0.72,1.5169444444444444,0.4,0.53,1.39,0.35,0.7608333333333334,0.86,1.0,0.44,2.88,0.39999999999999997,2.51,1.5599999999999998,1.59,2.03,0.7899183673469388,1.01,0.35,1.81,0.89,0.91,1.28,1.46,0.47,1.87,0.75,1.39,1.9300000000000002,1.8,0.56,2.49,1.54,1.82,1.02,2.09,1.49
200614,STORE01007,1.03,0.98,1.14,1.519,1.37,1.6047368421052632,0.85,0.9953846153846154,1.3677777777777778,0.9700000000000001,1.19,1.22,1.54,0.7200000000000001,1.7482857142857142,0.4,0.53,1.39,0.35000000000000003,0.5909090909090909,0.86,1.0,0.4033333333333333,2.88,0.4,2.51,1.56,1.59,2.03,0.8279775280898876,1.01,0.35,1.81,0.89,0.9099999999999999,1.28,1.46,0.47,1.87,0.75,1.39,1.9300000000000002,1.8,0.56,2.49,1.54,1.82,1.02,2.09,1.49
200614,STORE01423,1.03,0.98,1.14,1.6184848484848484,1.37,1.1588235294117646,0.85,1.0366071428571428,1.6417142857142857,0.9699999999999999,1.19,1.22,1.54,0.72,1.7271739130434782,0.4,0.53,1.39,0.35000000000000003,0.709,0.86,1.0,0.310952380952381,2.88,0.4,2.5100000000000002,1.56,1.59,2.03,0.7062755102040816,1.01,0.35,1.8099999999999998,0.89,0.91,1.28,1.46,0.47,1.87,0.75,1.39,1.93,1.8,0.56,2.49,1.54,1.8199999999999998,1.02,2.09,1.49
200614,STORE01758,1.03,0.98,1.14,1.7119148936170212,1.37,1.71,0.85,1.230877192982456,1.3025,0.97,1.19,1.22,1.54,0.7200000000000001,1.502051282051282,0.4,0.53,1.39,0.35,0.6633333333333333,0.86,1.0,0.49405405405405406,2.88,0.4,2.51,1.56,1.59,2.03,0.817887323943662,1.01,0.35,1.81,0.89,0.9099999999999999,1.28,1.4599999999999997,0.47,1.87,0.75,1.39,1.93,1.8,0.56,2.49,1.54,1.82,1.02,2.09,1.4900000000000002
200614,STORE02206,1.03,0.98,1.14,1.5932499999999998,1.37,2.1983333333333337,0.85,1.358,1.7478571428571428,0.97,1.19,1.22,1.54,0.72,1.4446428571428573,0.4,0.53,1.39,0.35000000000000003,0.6151428571428572,0.86,1.0,0.438,2.88,0.4,2.51,1.56,1.59,2.03,0.8239572192513369,1.01,0.35000000000000003,1.81,0.89,0.91,1.28,1.46,0.47,1.87,0.75,1.39,1.93,1.7999999999999998,0.56,2.49,1.54,1.82,1.02,2.09,1.49
200614,STORE02339,1.03,0.9800000000000001,1.14,1.4775675675675677,1.37,1.689,0.8499999999999999,1.358,1.1467857142857143,0.9699999999999999,1.19,1.2200000000000002,1.54,0.7200000000000001,1.5236507936507935,0.4,0.53,1.39,0.35,0.624375,0.86,1.0,0.40484848484848485,2.88,0.4,2.51,1.56,1.59,2.03,0.7816256157635467,1.01,0.35,1.81,0.8899999999999999,0.91,1.28,1.46,0.47,1.8700000000000003,0.75,1.39,1.9300000000000002,1.8000000000000003,0.56,2.49,1.54,1.82,1.02,2.09,1.49
200614,STORE02504,1.03,0.98,1.14,1.5068421052631578,1.37,1.5092307692307694,0.85,0.9780851063829787,1.3393333333333333,0.97,1.19,1.22,1.54,0.72,1.5848837209302327,0.4,0.53,1.39,0.35,0.6634375,0.86,1.0,0.4082758620689655,2.88,0.4,2.51,1.56,1.59,2.03,0.7842328042328043,1.01,0.35000000000000003,1.81,0.89,0.91,1.28,1.46,0.47,1.87,0.75,1.39,1.9300000000000002,1.8000000000000003,0.56,2.49,1.54,1.82,1.02,2.09,1.4900000000000002
200615,STORE00030,1.03,0.98,1.14,1.5778,1.37,1.4189473684210527,0.85,1.0424528301886793,1.4387179487179487,0.9700000000000001,1.19,1.22,1.54,0.72,1.6709523809523812,0.4,0.53,1.39,0.35,0.6541666666666667,0.86,1.0,0.3961538461538462,2.88,0.39999999999999997,2.51,1.5599999999999998,1.59,2.03,0.7619597989949749,1.01,0.35000000000000003,1.81,0.8899999999999999,0.91,1.28,1.46,0.47000000000000003,1.87,0.75,1.39,1.9300000000000002,1.8,0.56,2.49,1.54,1.82,1.02,2.09,1.49
200615,STORE00343,1.03,0.98,1.14,1.4286486486486487,1.37,1.6324999999999998,0.85,1.042075471698113,1.6208,0.9700000000000001,1.19,1.22,1.54,0.72,1.5091764705882353,0.4,0.53,1.39,0.35,0.538421052631579,0.8600000000000001,1.0,0.42590909090909096,2.88,0.4,2.51,1.5599999999999998,1.59,2.03,0.7976699029126213,1.01,0.35000000000000003,1.81,0.89,0.91,1.28,1.46,0.47,1.8700000000000003,0.75,1.3900000000000001,1.9300000000000002,1.8,0.56,2.49,1.54,1.82,1.02,2.09,1.49
200615,STORE00696,1.03,0.9799999999999999,1.14,1.3543333333333334,1.37,1.4552380952380952,0.85,1.0171739130434783,1.4096153846153845,0.97,1.19,1.22,1.54,0.72,1.5516901408450705,0.4,0.53,1.39,0.35000000000000003,0.6677777777777778,0.86,1.0,0.36914285714285716,2.88,0.39999999999999997,2.51,1.56,1.59,2.03,0.7684343434343435,1.01,0.35,1.81,0.89,0.9099999999999999,1.28,1.46,0.4699999999999999,1.87,0.75,1.39,1.9300000000000002,1.8,0.56,2.49,1.54,1.82,1.02,2.09,1.49
200615,STORE00729,1.03,0.98,1.14,1.5688,1.37,1.3435000000000001,0.85,1.2806349206349206,1.3423333333333334,0.97,1.19,1.22,1.54,0.7200000000000001,1.5703092783505155,0.4,0.53,1.39,0.35,0.5175000000000001,0.86,1.0,0.36379310344827587,2.88,0.4,2.51,1.5599999999999998,1.59,2.03,0.8137860082304527,1.01,0.35000000000000003,1.81,0.89,0.91,1.28,1.46,0.47,1.87,0.75,1.39,1.9300000000000002,1.8,0.56,2.49,1.54,1.82,1.02,2.09,1.49
200615,STORE01007,1.03,0.9799999999999999,1.14,1.6284615384615384,1.37,1.7088235294117649,0.85,1.0262264150943397,1.285,0.97,1.19,1.22,1.54,0.7200000000000001,1.5849152542372882,0.4,0.53,1.39,0.35,0.784,0.8600000000000001,1.0,0.48138888888888887,2.88,0.4,2.51,1.5599999999999998,1.59,2.03,0.8320975609756098,1.01,0.35000000000000003,1.81,0.89,0.9099999999999999,1.28,1.46,0.47,1.87,0.75,1.39,1.93,1.8,0.56,2.49,1.5399999999999998,1.82,1.02,2.09,1.49
200615,STORE01423,1.03,0.98,1.14,1.6265,1.3699999999999999,1.4930769230769232,0.85,1.1087931034482759,1.3615151515151516,0.97,1.19,1.22,1.54,0.72,1.5045833333333334,0.4,0.53,1.39,0.35000000000000003,0.5753333333333334,0.86,1.0,0.36625,2.88,0.4,2.51,1.5599999999999998,1.59,2.03,0.7677368421052632,1.01,0.35000000000000003,1.8099999999999998,0.89,0.91,1.28,1.46,0.47,1.87,0.75,1.39,1.9300000000000002,1.8,0.56,2.49,1.54,1.82,1.02,2.09,1.49
200615,STORE01758,1.03,0.9800000000000001,1.14,1.6106,1.37,1.5070000000000001,0.85,1.2183636363636365,1.5705555555555555,0.97,1.19,1.22,1.54,0.72,1.737536231884058,0.4,0.53,1.39,0.35,0.6495454545454545,0.86,1.0,0.6065116279069767,2.88,0.4,2.51,1.5599999999999996,1.59,2.03,0.796255707762557,1.01,0.35,1.81,0.89,0.91,1.28,1.46,0.47000000000000003,1.87,0.75,1.39,1.9300000000000002,1.8000000000000003,0.56,2.49,1.54,1.82,1.02,2.09,1.49
200615,STORE02206,1.03,0.98,1.14,1.75,1.37,2.236666666666667,0.85,1.3232558139534882,1.6082608695652174,0.97,1.19,1.22,1.54,0.72,1.608888888888889,0.39999999999999997,0.53,1.3899999999999997,0.35,0.6559375,0.86,1.0,0.455,2.88,0.4,2.51,1.5599999999999998,1.59,2.03,0.8862032085561498,1.01,0.35,1.8099999999999998,0.89,0.91,1.28,1.46,0.4699999999999999,1.87,0.75,1.39,1.93,1.8000000000000003,0.56,2.49,1.54,1.82,1.02,2.09,1.4900000000000002
200615,STORE02339,1.03,0.9800000000000001,1.14,1.4075757575757577,1.37,1.8614285714285714,0.85,1.3232558139534882,1.4324000000000001,0.9699999999999999,1.19,1.22,1.54,0.72,1.5895652173913044,0.4,0.53,1.39,0.35,0.6263157894736843,0.86,1.0,0.43142857142857144,2.88,0.4,2.51,1.5599999999999998,1.59,2.03,0.7827699530516431,1.01,0.35000000000000003,1.8099999999999998,0.89,0.91,1.28,1.46,0.47,1.87,0.75,1.39,1.9300000000000002,1.7999999999999998,0.56,2.49,1.54,1.82,1.02,2.09,1.49
200615,STORE02504,1.03,0.98,1.14,1.7225,1.3699999999999999,1.7421052631578948,0.85,1.1931578947368422,1.2325,0.97,1.19,1.22,1.54,0.72,1.4357142857142857,0.39999999999999997,0.53,1.39,0.35000000000000003,0.6660714285714285,0.86,1.0,0.5004081632653061,2.8800000000000003,0.4,2.51,1.5599999999999998,1.59,2.03,0.763,1.01,0.35000000000000003,1.81,0.89,0.91,1.28,1.46,0.4699999999999999,1.87,0.75,1.39,1.9300000000000002,1.8,0.56,2.49,1.54,1.82,1.02,2.09,1.49
200616,STORE00030,1.03,0.9800000000000001,1.14,1.6268181818181817,1.37,1.3531578947368421,0.8499999999999999,1.030892857142857,1.5469565217391303,0.97,1.19,1.22,1.54,0.72,1.5943548387096773,0.4,0.53,1.39,0.35000000000000003,0.6694444444444445,0.86,1.0,0.4170967741935484,2.8800000000000003,0.4,2.51,1.5599999999999998,1.59,2.03,0.7756216216216216,1.01,0.35,1.8099999999999998,0.89,0.91,1.28,1.46,0.47,1.87,0.75,1.39,1.9300000000000002,1.7999999999999998,0.56,2.49,1.54,1.82,1.02,2.09,1.49
200616,STORE00343,1.03,0.98,1.14,1.4222641509433962,1.37,1.6109090909090908,0.85,1.3191803278688525,1.432758620689655,0.97,1.19,1.22,1.54,0.72,1.576125,0.4,0.53,1.39,0.35,0.5658333333333333,0.86,1.0,0.3673469387755102,2.88,0.4,2.51,1.5599999999999998,1.59,2.03,0.7942364532019703,1.01,0.35,1.81,0.89,0.9099999999999999,1.28,1.46,0.47,1.87,0.75,1.39,1.93,1.8,0.56,2.49,1.54,1.82,1.02,2.09,1.49
200616,STORE00696,1.03,0.98,1.14,1.3091176470588235,1.37,1.3526666666666667,0.85,1.0422222222222222,1.3063999999999998,0.9700000000000001,1.19,1.22,1.54,0.72,1.5486813186813189,0.4,0.53,1.39,0.35000000000000003,0.6759090909090909,0.86,1.0,0.4387878787878788,2.8800000000000003,0.4,2.51,1.5599999999999998,1.59,2.03,0.7631840796019901,1.01,0.35,1.8099999999999998,0.89,0.91,1.28,1.46,0.47,1.87,0.75,1.39,1.93,1.8,0.56,2.49,1.54,1.82,1.02,2.09,1.49
200616,STORE00729,1.03,0.98,1.14,1.475128205128205,1.37,1.5091304347826087,0.85,1.3565714285714285,1.29575,0.97,1.19,1.22,1.54,0.72,1.5135483870967743,0.4,0.53,1.39,0.35000000000000003,0.7455555555555555,0.86,1.0,0.3458333333333333,2.88,0.4,2.51,1.5599999999999998,1.59,2.03,0.7602155172413794,1.01,0.35,1.81,0.89,0.91,1.28,1.46,0.47,1.8699999999999999,0.75,1.39,1.9300000000000002,1.8,0.56,2.49,1.54,1.82,1.02,2.09,1.49
200616,STORE01007,1.03,0.98,1.14,1.54,1.3699999999999999,1.3907142857142856,0.85,1.0775555555555556,1.5252173913043479,0.97,1.19,1.22,1.54,0.72,1.693896103896104,0.4,0.53,1.39,0.35,0.5141666666666667,0.86,1.0,0.27482758620689657,2.88,0.4,2.51,1.5599999999999998,1.59,2.03,0.79265,1.01,0.35,1.81,0.89,0.91,1.28,1.46,0.47,1.8700000000000003,0.75,1.39,1.93,1.8,0.56,2.49,1.5400000000000003,1.82,1.02,2.09,1.49
200616,STORE01423,1.03,0.98,1.14,1.7088235294117646,1.37,1.3728571428571428,0.85,1.1027272727272728,1.4882608695652173,0.9700000000000001,1.19,1.22,1.54,0.72,1.5015254237288136,0.39999999999999997,0.53,1.39,0.35000000000000003,0.7464705882352941,0.86,1.0,0.40060606060606063,2.88,0.4,2.51,1.5599999999999998,1.59,2.03,0.7186274509803922,1.01,0.35,1.8099999999999998,0.8900000000000001,0.91,1.28,1.46,0.47,1.87,0.75,1.39,1.9300000000000002,1.8,0.56,2.49,1.54,1.82,1.02,2.09,1.4900000000000002
200616,STORE01758,1.03,0.9800000000000001,1.14,1.6050980392156862,1.37,1.4283333333333335,0.8499999999999999,1.2657142857142858,1.4220000000000002,0.97,1.19,1.22,1.54,0.72,1.8289393939393939,0.39999999999999997,0.53,1.39,0.35,0.6947368421052631,0.8600000000000001,1.0,0.43,2.8800000000000003,0.4,2.51,1.56,1.59,2.03,0.8365853658536585,1.01,0.35000000000000003,1.8099999999999998,0.89,0.91,1.28,1.46,0.47000000000000003,1.87,0.75,1.3900000000000001,1.9300000000000002,1.8,0.56,2.49,1.54,1.82,1.02,2.09,1.49
200616,STORE02206,1.03,0.98,1.14,1.6199999999999999,1.37,1.830625,0.8499999999999999,1.3548979591836734,1.6535135135135135,0.97,1.19,1.22,1.54,0.72,1.570217391304348,0.4,0.53,1.39,0.35,0.5224,0.86,1.0,0.3721212121212121,2.88,0.4,2.51,1.5599999999999998,1.59,2.03,0.8860396039603959,1.01,0.35000000000000003,1.8099999999999998,0.8899999999999999,0.91,1.28,1.46,0.47,1.87,0.75,1.39,1.9300000000000002,1.8,0.56,2.49,1.54,1.82,1.02,2.09,1.49
200616,STORE02339,1.03,0.9800000000000001,1.14,1.5355555555555553,1.37,1.6241666666666665,0.85,1.3548979591836734,1.3530000000000002,0.97,1.19,1.22,1.54,0.72,1.7045,0.4,0.53,1.39,0.35,0.6182758620689655,0.86,1.0,0.37970588235294117,2.88,0.4,2.51,1.5599999999999996,1.59,2.03,0.7910294117647059,1.01,0.35000000000000003,1.8099999999999998,0.89,0.91,1.28,1.46,0.47,1.87,0.75,1.39,1.9300000000000002,1.8,0.56,2.49,1.54,1.82,1.02,2.09,1.49
200616,STORE02504,1.03,0.98,1.14,1.7760526315789473,1.37,1.6235,0.85,1.1062222222222222,1.2631818181818182,0.97,1.1899999999999997,1.22,1.54,0.72,1.5882089552238805,0.4,0.53,1.3900000000000001,0.35,0.7442857142857143,0.86,1.0,0.3303333333333333,2.8800000000000003,0.4,2.51,1.5599999999999998,1.59,2.03,0.7707368421052632,1.01,0.35,1.8099999999999998,0.89,0.91,1.28,1.46,0.47,1.87,0.75,1.39,1.9300000000000002,1.8,0.56,2.49,1.54,1.82,1.02,2.09,1.49
200617,STORE00030,1.03,0.98,1.14,1.7241666666666666,1.37,1.3141666666666667,0.85,1.0414893617021277,1.4138235294117647,0.97,1.19,1.22,1.54,0.72,1.6226582278481012,0.4,0.53,1.39,0.35000000000000003,0.6028571428571429,0.86,1.0,0.5022222222222222,2.8800000000000003,0.4,2.5100000000000002,1.5599999999999998,1.59,2.03,0.7412626262626263,1.01,0.35000000000000003,1.8099999999999998,0.89,0.91,1.28,1.46,0.47,1.87,0.75,1.39,1.9300000000000002,1.8,0.56,2.49,1.54,1.82,1.02,2.09,1.49
200617,STORE00343,1.03,0.98,1.14,1.4194736842105262,1.37,1.3756521739130434,0.8499999999999999,1.0329230769230768,1.5,0.9700000000000001,1.19,1.22,1.54,0.72,1.5495774647887324,0.4,0.53,1.39,0.35000000000000003,0.6072,0.86,1.0,0.40758620689655173,2.8800000000000003,0.39999999999999997,2.51,1.56,1.59,2.03,0.7865989847715736,1.01,0.35,1.81,0.89,0.91,1.28,1.46,0.47,1.87,0.75,1.3899999999999997,1.9300000000000002,1.8,0.56,2.49,1.54,1.82,1.02,2.09,1.49
200617,STORE00696,1.03,0.98,1.14,1.4965853658536585,1.37,1.3875,0.8499999999999999,0.9526190476190476,1.351904761904762,0.97,1.19,1.22,1.54,0.72,1.5517307692307691,0.4,0.53,1.3899999999999997,0.35000000000000003,0.6062500000000001,0.86,1.0,0.4164102564102565,2.8800000000000003,0.4,2.5100000000000002,1.5599999999999998,1.59,2.03,0.8566519823788546,1.01,0.35,1.8099999999999998,0.89,0.91,1.28,1.46,0.47,1.87,0.75,1.3899999999999997,1.9300000000000002,1.8,0.56,2.49,1.5400000000000003,1.82,1.02,2.09,1.49
200617,STORE00729,1.03,0.9800000000000001,1.14,1.21,1.3699999999999999,1.8756521739130434,0.85,1.2979710144927536,1.5520689655172413,0.97,1.19,1.22,1.54,0.72,1.7013953488372093,0.4,0.53,1.39,0.35,0.6085714285714285,0.86,1.0,0.4348571428571429,2.88,0.4,2.51,1.5599999999999998,1.59,2.03,0.7965740740740741,1.01,0.35,1.8099999999999998,0.89,0.91,1.28,1.46,0.47,1.8700000000000003,0.75,1.39,1.9300000000000002,1.7999999999999998,0.56,2.49,1.54,1.82,1.02,2.09,1.49
200617,STORE01007,1.03,0.98,1.14,1.458780487804878,1.3699999999999999,1.258888888888889,0.85,0.9555813953488372,2.0324999999999998,0.97,1.19,1.22,1.54,0.72,1.7837931034482757,0.4,0.53,1.39,0.35,0.61625,0.8599999999999999,1.0,0.43676470588235294,2.88,0.4,2.51,1.5599999999999998,1.59,2.03,0.8712272727272726,1.01,0.35000000000000003,1.81,0.89,0.91,1.28,1.46,0.47,1.87,0.75,1.3899999999999997,1.93,1.8,0.56,2.49,1.54,1.82,1.02,2.09,1.49
200617,STORE01423,1.03,0.98,1.14,1.6,1.37,1.5025925925925927,0.85,1.05546875,1.3670833333333334,0.97,1.19,1.22,1.54,0.7199999999999999,1.5271641791044777,0.4,0.53,1.39,0.35,0.6164285714285714,0.86,1.0,0.3146875,2.8800000000000003,0.4,2.51,1.56,1.59,2.03,0.7727225130890053,1.01,0.35000000000000003,1.8099999999999998,0.89,0.9099999999999999,1.28,1.46,0.47,1.8700000000000003,0.75,1.39,1.9300000000000002,1.8000000000000003,0.56,2.49,1.54,1.82,1.02,2.09,1.49
200617,STORE01758,1.03,0.98,1.14,1.6302702702702703,1.37,1.8746153846153848,0.85,1.0841176470588234,1.6842857142857142,0.97,1.19,1.22,1.54,0.7200000000000001,1.7791463414634145,0.4,0.53,1.39,0.35,0.6672727272727272,0.86,1.0,0.49342857142857144,2.8800000000000003,0.4,2.51,1.5599999999999998,1.59,2.03,0.8322779922779923,1.01,0.35,1.8099999999999998,0.89,0.9099999999999999,1.28,1.46,0.47000000000000003,1.87,0.75,1.39,1.93,1.8,0.56,2.49,1.5400000000000003,1.82,1.02,2.09,1.49
200617,STORE02206,1.03,0.98,1.14,1.7407692307692306,1.3699999999999999,1.8399999999999999,0.85,1.2116,1.61,0.9700000000000001,1.19,1.22,1.54,0.72,1.5335294117647058,0.4,0.53,1.39,0.35000000000000003,0.7686666666666666,0.86,1.0,0.46,2.8800000000000003,0.4,2.51,1.56,1.59,2.03,0.9235467980295566,1.01,0.35000000000000003,1.81,0.8899999999999999,0.91,1.28,1.46,0.47,1.87,0.75,1.39,1.93,1.8,0.56,2.49,1.5400000000000003,1.82,1.02,2.09,1.4899999999999998
200617,STORE02339,1.03,0.98,1.14,1.4986111111111111,1.37,1.4036363636363636,0.85,1.2116,1.3175000000000001,0.97,1.19,1.22,1.54,0.72,1.66,0.4,0.53,1.39,0.35000000000000003,0.6916666666666667,0.86,1.0,0.476,2.88,0.4,2.51,1.5599999999999998,1.59,2.03,0.801304347826087,1.01,0.35,1.81,0.89,0.9099999999999999,1.28,1.46,0.47,1.87,0.75,1.39,1.93,1.8,0.56,2.49,1.54,1.82,1.02,2.09,1.49
200617,STORE02504,1.03,0.9800000000000001,1.14,1.6643999999999999,1.37,1.5486363636363636,0.85,1.0166666666666668,1.3464,0.97,1.19,1.22,1.54,0.72,1.8304761904761904,0.4,0.53,1.39,0.35,0.5835483870967741,0.86,1.0,0.4431818181818182,2.88,0.4,2.51,1.5599999999999998,1.59,2.03,0.7925274725274726,1.01,0.35000000000000003,1.81,0.89,0.91,1.28,1.46,0.47000000000000003,1.87,0.75,1.39,1.93,1.8,0.56,2.49,1.5399999999999998,1.82,1.02,2.09,1.49
200618,STORE00030,1.03,0.98,1.14,1.68325,1.3699999999999999,1.3977777777777778,0.8499999999999999,1.1980645161290322,1.3588888888888888,0.97,1.19,1.22,1.54,0.72,1.6140506329113924,0.4000000000000001,0.53,1.39,0.35,0.5976,0.86,1.0,0.4165217391304348,2.88,0.39999999999999997,2.51,1.56,1.59,2.03,0.7958048780487805,1.01,0.35000000000000003,1.81,0.89,0.91,1.28,1.46,0.47,1.87,0.75,1.39,1.93,1.8,0.56,2.49,1.54,1.82,1.02,2.09,1.49
200618,STORE00343,1.03,0.98,1.14,1.870175438596491,1.37,1.6222222222222222,0.85,1.165,1.4469230769230768,0.97,1.19,1.2200000000000002,1.54,0.72,1.6466666666666667,0.4,0.53,1.39,0.35,0.613125,0.86,1.0,0.3576595744680851,2.8800000000000003,0.4000000000000001,2.51,1.56,1.59,2.03,0.8233333333333334,1.01,0.35000000000000003,1.8099999999999998,0.89,0.9099999999999999,1.28,1.46,0.47,1.87,0.75,1.3899999999999997,1.9300000000000002,1.8,0.56,2.49,1.54,1.82,1.02,2.09,1.49
200618,STORE00696,1.03,0.98,1.14,1.215483870967742,1.37,1.276111111111111,0.85,1.0625,1.5075999999999998,0.97,1.19,1.22,1.54,0.72,1.6195,0.4,0.53,1.39,0.35,0.7033333333333333,0.86,1.0,0.39999999999999997,2.88,0.4000000000000001,2.51,1.56,1.59,2.03,0.7975688073394496,1.01,0.35000000000000003,1.8099999999999998,0.89,0.91,1.28,1.46,0.4699999999999999,1.8700000000000003,0.75,1.39,1.93,1.8,0.56,2.49,1.5400000000000003,1.82,1.02,2.09,1.49
200618,STORE00729,1.03,0.98,1.14,1.5029032258064514,1.37,1.5824242424242423,0.8499999999999999,1.207974683544304,1.6020454545454543,0.97,1.19,1.22,1.54,0.72,1.7158163265306123,0.39999999999999997,0.53,1.39,0.35,0.7340000000000001,0.86,1.0,0.4167567567567568,2.8800000000000003,0.4,2.5100000000000002,1.5599999999999998,1.5899999999999999,2.03,0.8059911894273128,1.01,0.35000000000000003,1.8099999999999998,0.8899999999999999,0.9099999999999999,1.28,1.46,0.47,1.87,0.75,1.39,1.93,1.8,0.56,2.49,1.54,1.82,1.02,2.09,1.49
200618,STORE01007,1.03,0.98,1.14,1.472962962962963,1.37,1.7114285714285715,0.8499999999999999,1.0697727272727273,1.3225,0.9699999999999999,1.19,1.22,1.54,0.72,1.6983333333333335,0.4,0.53,1.39,0.35000000000000003,0.6670833333333334,0.86,1.0,0.4441025641025641,2.88,0.4,2.51,1.56,1.59,2.03,0.8467111111111111,1.01,0.35,1.81,0.89,0.91,1.28,1.46,0.47,1.87,0.75,1.39,1.93,1.7999999999999998,0.5599999999999999,2.49,1.54,1.82,1.02,2.09,1.49
200618,STORE01423,1.03,0.98,1.14,1.5017241379310344,1.37,1.3423529411764705,0.85,1.038235294117647,1.3202127659574467,0.9700000000000001,1.19,1.22,1.54,0.72,1.6473749999999998,0.4,0.53,1.39,0.35,0.6266666666666667,0.86,1.0,0.41818181818181815,2.88,0.4,2.51,1.56,1.59,2.03,0.706457399103139,1.01,0.35000000000000003,1.81,0.89,0.9099999999999999,1.28,1.46,0.47,1.87,0.75,1.39,1.93,1.8,0.56,2.49,1.54,1.82,1.02,2.09,1.49
200618,STORE01758,1.03,0.9799999999999999,1.14,1.6717391304347828,1.37,1.462962962962963,0.85,1.1688524590163933,1.4066666666666667,0.9700000000000001,1.19,1.22,1.54,0.72,1.686060606060606,0.4,0.53,1.39,0.35,0.7055,0.86,1.0,0.5590322580645162,2.8800000000000003,0.4,2.51,1.56,1.59,2.03,0.8733484162895927,1.01,0.35000000000000003,1.81,0.89,0.91,1.28,1.46,0.47,1.87,0.75,1.39,1.93,1.8,0.56,2.49,1.5399999999999998,1.82,1.02,2.09,1.49
200618,STORE02206,1.03,0.98,1.14,1.463142857142857,1.37,1.7975,0.8499999999999999,1.2906250000000001,1.3781818181818182,0.9700000000000001,1.19,1.22,1.54,0.72,1.6412048192771085,0.4,0.53,1.39,0.35000000000000003,0.5976666666666667,0.86,1.0,0.386875,2.88,0.4,2.51,1.5599999999999998,1.59,2.03,0.8824352331606218,1.01,0.35000000000000003,1.81,0.8900000000000001,0.91,1.28,1.46,0.47000000000000003,1.87,0.75,1.39,1.93,1.8,0.56,2.49,1.54,1.82,1.02,2.09,1.49
200618,STORE02339,1.03,0.98,1.14,1.4657142857142857,1.37,1.9857142857142858,0.85,1.2906250000000001,1.4197297297297298,0.97,1.19,1.22,1.54,0.72,1.8573529411764707,0.4,0.53,1.39,0.35,0.45454545454545453,0.86,1.0,0.426,2.88,0.4,2.51,1.56,1.59,2.03,0.7444502617801046,1.01,0.35,1.81,0.89,0.91,1.28,1.46,0.47,1.87,0.75,1.39,1.9300000000000002,1.8,0.56,2.4899999999999998,1.54,1.82,1.02,2.09,1.49
200618,STORE02504,1.03,0.98,1.14,1.3842105263157896,1.37,1.2108695652173913,0.85,1.2328205128205127,1.3615151515151516,0.9699999999999999,1.19,1.2200000000000002,1.54,0.72,1.731818181818182,0.4,0.53,1.39,0.35000000000000003,0.7064,0.86,1.0,0.4036111111111111,2.88,0.4,2.51,1.5599999999999998,1.59,2.03,0.7486538461538461,1.01,0.35,1.81,0.89,0.91,1.28,1.46,0.47,1.87,0.75,1.39,1.9300000000000002,1.8,0.56,2.49,1.54,1.82,1.02,2.09,1.49
200619,STORE00030,1.03,0.98,1.14,1.5289130434782607,1.37,1.45,0.85,1.223921568627451,1.3875862068965519,0.97,1.19,1.22,1.54,0.72,1.7945348837209303,0.4,0.53,1.3900000000000001,0.35000000000000003,0.5255,0.86,1.0,0.4556,2.88,0.4,2.5100000000000002,1.5599999999999998,1.59,2.03,0.7744278606965174,1.01,0.35000000000000003,1.81,0.89,0.9099999999999999,1.28,1.46,0.47,1.87,0.75,1.39,1.93,1.8,0.56,2.49,1.5399999999999998,1.82,1.02,2.09,1.4900000000000002
200619,STORE00343,1.03,0.98,1.14,1.6071739130434783,1.37,1.5406666666666666,0.8499999999999999,1.0993103448275863,1.355263157894737,0.97,1.19,1.22,1.54,0.72,1.5864893617021276,0.4,0.53,1.39,0.35,0.558,0.8599999999999999,1.0,0.3334615384615385,2.8800000000000003,0.4,2.51,1.56,1.59,2.03,0.7522110552763819,1.01,0.35,1.81,0.89,0.91,1.28,1.46,0.47000000000000003,1.8700000000000003,0.75,1.39,1.93,1.8000000000000003,0.56,2.49,1.54,1.82,1.02,2.09,1.49
200619,STORE00696,1.03,0.9800000000000001,1.14,1.3616129032258064,1.37,1.325263157894737,0.8499999999999999,1.2507317073170732,1.4521428571428572,0.9700000000000001,1.19,1.22,1.54,0.72,1.5769662921348313,0.4,0.53,1.39,0.35,0.6340909090909091,0.86,1.0,0.43950000000000006,2.88,0.4,2.51,1.56,1.59,2.03,0.7622826086956521,1.01,0.35000000000000003,1.81,0.89,0.91,1.28,1.46,0.4699999999999999,1.87,0.75,1.39,1.93,1.8000000000000003,0.56,2.49,1.54,1.82,1.02,2.09,1.49
200619,STORE00729,1.03,0.98,1.14,1.4041176470588237,1.37,1.4847619047619047,0.85,1.375,1.3527272727272728,0.97,1.19,1.22,1.54,0.72,1.6977464788732393,0.4,0.53,1.39,0.35,0.8220000000000001,0.8600000000000001,1.0,0.5654166666666667,2.8800000000000003,0.4,2.51,1.5599999999999998,1.59,2.03,0.8430526315789474,1.01,0.35,1.81,0.89,0.91,1.28,1.46,0.47000000000000003,1.8700000000000003,0.75,1.3900000000000001,1.9300000000000002,1.8,0.56,2.49,1.54,1.82,1.02,2.09,1.49
200619,STORE01007,1.03,0.98,1.14,1.29125,1.37,1.7623076923076924,0.8499999999999999,1.0012280701754386,1.8105555555555557,0.9700000000000001,1.19,1.22,1.54,0.72,1.7114035087719297,0.4,0.53,1.39,0.35000000000000003,0.5852941176470587,0.86,1.0,0.3978125,2.88,0.4,2.51,1.56,1.59,2.03,0.8183333333333334,1.01,0.35,1.81,0.89,0.91,1.28,1.4599999999999997,0.47,1.87,0.75,1.39,1.93,1.8,0.56,2.49,1.5399999999999998,1.82,1.02,2.09,1.49
200619,STORE01423,1.03,0.9800000000000001,1.14,1.6667241379310345,1.37,1.723809523809524,0.85,1.073235294117647,1.369512195121951,0.97,1.19,1.22,1.54,0.72,1.6772549019607845,0.4,0.53,1.39,0.35,0.5152631578947368,0.86,1.0,0.3641935483870968,2.88,0.4,2.5100000000000002,1.5599999999999998,1.5899999999999999,2.03,0.7939999999999999,1.01,0.35,1.81,0.89,0.9099999999999999,1.28,1.46,0.4699999999999999,1.87,0.75,1.39,1.93,1.8,0.56,2.49,1.54,1.82,1.02,2.09,1.49
200619,STORE01758,1.03,0.9800000000000001,1.14,1.4673469387755103,1.3699999999999999,1.7185,0.8499999999999999,1.2496363636363637,1.4469230769230768,0.9700000000000001,1.19,1.22,1.54,0.72,1.7026136363636366,0.4,0.53,1.39,0.35,0.7046666666666667,0.86,1.0,0.5495348837209302,2.88,0.4,2.51,1.56,1.59,2.03,0.8362910798122065,1.01,0.35,1.8099999999999998,0.89,0.91,1.28,1.46,0.47,1.87,0.75,1.39,1.9300000000000002,1.8,0.56,2.49,1.54,1.82,1.02,2.09,1.49
200619,STORE02206,1.03,0.98,1.14,1.3661290322580646,1.37,2.1425,0.85,1.4470454545454545,1.7163636363636363,0.9700000000000001,1.19,1.2200000000000002,1.54,0.72,1.6469047619047619,0.39999999999999997,0.53,1.39,0.35,0.7018181818181818,0.86,1.0,0.48176470588235293,2.88,0.4,2.5100000000000002,1.5599999999999998,1.59,2.03,0.8778260869565218,1.01,0.35000000000000003,1.81,0.89,0.91,1.28,1.46,0.47,1.87,0.75,1.39,1.93,1.8,0.5599999999999999,2.49,1.54,1.82,1.02,2.09,1.49
200619,STORE02339,1.03,0.98,1.14,1.251025641025641,1.37,1.8575,0.85,1.4470454545454545,1.441904761904762,0.9700000000000001,1.19,1.22,1.54,0.72,1.8228000000000002,0.39999999999999997,0.53,1.39,0.35,0.6361538461538461,0.86,1.0,0.3925925925925926,2.88,0.4,2.51,1.56,1.59,2.03,0.7717874396135265,1.01,0.35000000000000003,1.81,0.8900000000000001,0.9099999999999999,1.28,1.46,0.47,1.87,0.75,1.39,1.93,1.8,0.56,2.49,1.54,1.82,1.02,2.09,1.4899999999999998
200619,STORE02504,1.03,0.98,1.14,1.522857142857143,1.37,1.7553846153846153,0.85,1.2194285714285715,1.3846153846153846,0.9700000000000001,1.19,1.22,1.54,0.72,1.6542682926829269,0.4,0.53,1.39,0.35,0.6809090909090909,0.86,1.0,0.3572222222222222,2.8800000000000003,0.4,2.51,1.56,1.59,2.03,0.7436931818181818,1.01,0.35,1.81,0.89,0.91,1.28,1.46,0.47,1.87,0.75,1.39,1.9300000000000002,1.8,0.56,2.49,1.54,1.82,1.02,2.09,1.49
